{
    "instance": {
      "magic": "APF_VER_1",
      "variant_select" : {
        "id" : 0,
        "select" : false
      },
      "data_slots": [
        {
          "id": 1,
          "filename": "pipibibs.rom"
        },
        {
          "id": 8,
          "filename": "coinop.key"
        }
      ],
      "memory_writes": [
        {
          "address": "0xf9000000",
          "data": "0x0"
        },
        {
          "address": "0xfa000000",
          "data": "0x0"
        }
      ]
    }
  }