{
    "core": {
        "magic": "APF_VER_1",
        "metadata": {
            "platform_ids": ["pipibibs","coinop"],
            "shortname": "pipibibs",
            "description": "Whoopee!",
            "author": "atrac17",
            "url": "https://patreon.com/atrac17",
            "version": "1.2.0",
            "date_release": "2024-05-18"
        },
        "framework": {
            "target_product": "Analogue Pocket",
            "version_required": "1.1",
            "sleep_supported": false,
            "dock": {
                "supported": true,
                "analog_output": false
            },
            "hardware": {
                "link_port": false,
                "cartridge_adapter": -1
            }
        },
        "cores": [
            {
                "name": "pipibibs",
                "id": 0,
                "filename": "pipibibs.rbf_r"
            }
        ]
    }
}